{
  "stratified_cv": {
    "folds": 3,
    "seed": 42,
    "metrics": {
      "accuracy": {
        "mean": 0.9825,
        "std": 0.0007071067811865219,
        "fold_values": [
          0.9815,
          0.983,
          0.983
        ]
      },
      "precision": {
        "mean": 0.5539793047007252,
        "std": 0.018913973926766598,
        "fold_values": [
          0.5272727272727272,
          0.5686274509803921,
          0.5660377358490566
        ]
      },
      "recall": {
        "mean": 0.7213414634146341,
        "std": 0.010287846125889248,
        "fold_values": [
          0.725,
          0.7073170731707317,
          0.7317073170731707
        ]
      },
      "f1": {
        "mean": 0.6264196569128649,
        "std": 0.011687764658840727,
        "fold_values": [
          0.6105263157894737,
          0.6304347826086957,
          0.6382978723404256
        ]
      },
      "roc_auc": {
        "mean": 0.9876521300417477,
        "std": 0.0015614520928795377,
        "fold_values": [
          0.9873341836734694,
          0.985918649385575,
          0.9897035570661986
        ]
      }
    }
  },
  "repeated_stratified_cv": {
    "folds": 3,
    "repeats": 2,
    "seed": 42,
    "metrics": {
      "accuracy": {
        "mean": 0.9826666666666667,
        "std": 0.0007993052538854387,
        "fold_values": [
          0.9815,
          0.983,
          0.983,
          0.982,
          0.984,
          0.9825
        ]
      },
      "precision": {
        "mean": 0.5579388278602794,
        "std": 0.023126801185899132,
        "fold_values": [
          0.5272727272727272,
          0.5686274509803921,
          0.5660377358490566,
          0.532258064516129,
          0.5957446808510638,
          0.5576923076923077
        ]
      },
      "recall": {
        "mean": 0.7298780487804879,
        "std": 0.04527276488281712,
        "fold_values": [
          0.725,
          0.7073170731707317,
          0.7317073170731707,
          0.825,
          0.6829268292682927,
          0.7073170731707317
        ]
      },
      "f1": {
        "mean": 0.6310562241016896,
        "std": 0.01164274593421911,
        "fold_values": [
          0.6105263157894737,
          0.6304347826086957,
          0.6382978723404256,
          0.6470588235294118,
          0.6363636363636364,
          0.6236559139784946
        ]
      },
      "roc_auc": {
        "mean": 0.988387484063335,
        "std": 0.0022671789397773747,
        "fold_values": [
          0.9873341836734694,
          0.985918649385575,
          0.9897035570661986,
          0.9854464285714286,
          0.9908987910706061,
          0.9910232946127318
        ]
      }
    }
  }
}