{
  "seeds": [
    7,
    11,
    21,
    42,
    99
  ],
  "per_seed_metrics": {
    "7": {
      "accuracy": 0.9805,
      "precision": 0.5086206896551724,
      "recall": 0.7375,
      "f1": 0.6020408163265306,
      "roc_auc": 0.9867729591836735
    },
    "11": {
      "accuracy": 0.98075,
      "precision": 0.5128205128205128,
      "recall": 0.75,
      "f1": 0.6091370558375635,
      "roc_auc": 0.9875733418367347
    },
    "21": {
      "accuracy": 0.9815,
      "precision": 0.5263157894736842,
      "recall": 0.75,
      "f1": 0.6185567010309279,
      "roc_auc": 0.9869579081632653
    },
    "42": {
      "accuracy": 0.98,
      "precision": 0.5,
      "recall": 0.7375,
      "f1": 0.5959595959595959,
      "roc_auc": 0.9875797193877551
    },
    "99": {
      "accuracy": 0.98125,
      "precision": 0.5213675213675214,
      "recall": 0.7625,
      "f1": 0.6192893401015228,
      "roc_auc": 0.9870184948979592
    }
  },
  "summary": {
    "accuracy": {
      "mean": 0.9808,
      "std": 0.0005338539126015691,
      "min": 0.98,
      "max": 0.9815,
      "worst_seed": 42,
      "best_seed": 21
    },
    "f1": {
      "mean": 0.6089967018512281,
      "std": 0.009118137520032222,
      "min": 0.5959595959595959,
      "max": 0.6192893401015228,
      "worst_seed": 42,
      "best_seed": 99
    },
    "precision": {
      "mean": 0.5138249026633781,
      "std": 0.009296600624605517,
      "min": 0.5,
      "max": 0.5263157894736842,
      "worst_seed": 42,
      "best_seed": 21
    },
    "recall": {
      "mean": 0.7474999999999999,
      "std": 0.009354143466934821,
      "min": 0.7375,
      "max": 0.7625,
      "worst_seed": 7,
      "best_seed": 99
    },
    "roc_auc": {
      "mean": 0.9871804846938776,
      "std": 0.0003333416034393405,
      "min": 0.9867729591836735,
      "max": 0.9875797193877551,
      "worst_seed": 7,
      "best_seed": 42
    }
  },
  "stability_score_f1_std": 0.009118137520032222
}