threshold,accuracy,precision,recall,f1
0.05,0.9665625,0.3696969696969697,0.953125,0.5327510917030568
0.1,0.9709375,0.40268456375838924,0.9375,0.5633802816901409
0.2,0.9753125,0.4418604651162791,0.890625,0.5906735751295337
0.3,0.9790625,0.48695652173913045,0.875,0.6256983240223464
0.5,0.9815625,0.5268817204301075,0.765625,0.6242038216560509
0.7,0.984375,0.5921052631578947,0.703125,0.6428571428571429
0.9,0.9871875,0.7169811320754716,0.59375,0.6495726495726496
