label,repeat_index,seed,runtime_seconds,non_iid_alpha,n_agents,topology,communication_budget,marl_accuracy,marl_precision,marl_recall,marl_f1,marl_roc_auc,marl_bytes_sent_total,marl_avg_latency_ms,marl_packet_loss_mean,marl_energy_total,marl_n_events,local_accuracy,local_precision,local_recall,local_f1,local_roc_auc,naive_accuracy,naive_precision,naive_recall,naive_f1,naive_roc_auc,local_bytes_sent_total,local_avg_latency_ms,local_packet_loss_mean,local_energy_total,local_n_events,naive_bytes_sent_total,naive_avg_latency_ms,naive_packet_loss_mean,naive_energy_total,naive_n_events
communication_budget-0p25__n_agents-5__non_iid_alpha-0p1__topology-star__9a347966,0,1000,0.521006381000916,0.1,5,star,0.25,0.9320430107526881,0.8583333333333332,0.82,0.8169453734671126,0.8114845938375351,1160.0,15.302104027195432,0.028780271489446424,21.02105979296806,5.0,0.9304301075268817,0.8404761904761905,0.78,0.7913043478260869,,0.9704301075268816,0.85,0.9199999999999999,0.8770186335403725,,0.0,0.0,0.0,0.0,0.0,832.0,11.240627298651852,0.009365639229457799,14.58254313037937,5.0
communication_budget-0p25__n_agents-5__non_iid_alpha-0p1__topology-star__9a347966,1,1001,0.4171739299999899,0.1,5,star,0.25,0.9984,1.0,0.9,0.9333333333333333,0.9491869918699187,1160.0,14.969689482456726,0.027851099664725192,21.525478639192347,5.0,0.9968,0.8,0.8,0.8,,1.0,1.0,1.0,1.0,,0.0,0.0,0.0,0.0,0.0,832.0,11.151136608952118,0.010661466366091308,14.623618987163931,5.0
