round,bytes_sent_total,avg_latency_ms,packet_loss_mean,energy_total,n_events,accuracy,precision,recall,f1,roc_auc
1,1856.0,15.809724816018576,0.03245100147428952,21.652751897582988,5.0,0.9984,1.0,0.9,0.9333333333333333,0.9186991869918699
2,1856.0,16.268171618487617,0.03041361011945306,21.653162655475068,5.0,0.9984,1.0,0.9,0.9333333333333333,0.9491869918699187
