round,bytes_sent_total,avg_latency_ms,packet_loss_mean,energy_total,n_events,accuracy,precision,recall,f1,roc_auc
1,2320.0,15.296453607140652,0.0311275575265799,21.255287627171914,5.0,0.9336559139784946,0.869047619047619,0.82,0.8246376811594203,0.8070028011204481
2,2320.0,16.303195295814625,0.03385087363414301,21.258518781431253,5.0,0.9320430107526881,0.8583333333333332,0.82,0.8169453734671126,0.8114845938375351
