{
  "dataset_name": "marl_xgb_synthetic",
  "row_counts": {
    "total": 700,
    "valid": 700,
    "schema_invalid": 0,
    "domain_invalid": 0
  },
  "missing_rate_per_column": {
    "f00": 0.0,
    "f01": 0.0,
    "f02": 0.0,
    "f03": 0.0,
    "f04": 0.0,
    "f05": 0.0,
    "f06": 0.0,
    "f07": 0.0,
    "f08": 0.0,
    "f09": 0.0,
    "label": 0.0,
    "proto": 0.0,
    "row_id": 0.0,
    "segment": 0.0,
    "service": 0.0
  },
  "duplicate_rate": 0.0,
  "outlier_rate_per_numeric_column": {
    "f00": 0.005714285714285714,
    "f01": 0.01,
    "f02": 0.004285714285714286,
    "f03": 0.008571428571428572,
    "f04": 0.004285714285714286,
    "f05": 0.004285714285714286,
    "f06": 0.007142857142857143,
    "f07": 0.002857142857142857,
    "f08": 0.01,
    "f09": 0.008571428571428572,
    "label": 0.0,
    "row_id": 0.0
  },
  "schema_violation_rate": 0.0,
  "domain_violation_rate": 0.0,
  "drift_snapshot": {
    "f00": {
      "mean": -0.01909959693209731,
      "std": 1.0098430154305136,
      "min": -2.707321307073124,
      "max": 2.988204884005512
    },
    "f01": {
      "mean": -0.0008778714673145193,
      "std": 0.9824991489627193,
      "min": -3.0321121227941954,
      "max": 2.889532791102448
    },
    "f02": {
      "mean": -0.03347591567019167,
      "std": 0.974729066969883,
      "min": -2.537886969886747,
      "max": 3.4609611176376744
    },
    "f03": {
      "mean": -0.07212539860589201,
      "std": 0.9726897148429198,
      "min": -3.209657606917454,
      "max": 3.0882041923856014
    },
    "f04": {
      "mean": -0.035257724650637916,
      "std": 1.0125021991238812,
      "min": -2.6029637097595644,
      "max": 3.897199344320124
    },
    "f05": {
      "mean": 0.08242767463707576,
      "std": 0.9612063729927472,
      "min": -3.27257738478947,
      "max": 2.66742015994889
    },
    "f06": {
      "mean": -0.016299108243914402,
      "std": 1.0072486322642027,
      "min": -2.4924853336946944,
      "max": 3.938216305426418
    },
    "f07": {
      "mean": 0.015177254622138146,
      "std": 0.9903831054343765,
      "min": -2.6754640058630876,
      "max": 3.333582829910458
    },
    "f08": {
      "mean": -0.03689849576044945,
      "std": 0.9893068455061745,
      "min": -3.124587342405987,
      "max": 3.0600563788930257
    },
    "f09": {
      "mean": 0.0007433095254894845,
      "std": 1.0496698271502287,
      "min": -3.0395181184360327,
      "max": 3.45444609555948
    },
    "label": {
      "mean": 0.12,
      "std": 0.3251939005599173,
      "min": 0.0,
      "max": 1.0
    },
    "row_id": {
      "mean": 350.5,
      "std": 202.21688027132322,
      "min": 1.0,
      "max": 700.0
    }
  }
}