{
  "round": 5,
  "aggregate_metrics": {
    "accuracy": 0.838153268475849,
    "precision": 0.6961764705882353,
    "recall": 0.671875,
    "f1": 0.6744949494949495,
    "roc_auc": 0.8433550707044388
  },
  "traffic_metrics": {
    "bytes_sent_total": 4640.0,
    "avg_latency_ms": 16.319739730319224,
    "packet_loss_mean": 0.02967603303765426,
    "energy_total": 58.747249555894705,
    "n_events": 10.0
  },
  "agent_metrics": {
    "0": {
      "accuracy": 0.9809523809523809,
      "precision": 1.0,
      "recall": 0.5,
      "f1": 0.6666666666666666,
      "roc_auc": 0.9789603960396039,
      "positive_rate_val": 0.0380952380952381,
      "scale_pos_weight": 1.0,
      "feature_importance_vector": [
        0.1416032910346985,
        0.07604771852493286,
        0.0,
        0.03628038242459297,
        0.01853773184120655,
        0.04931741952896118,
        0.005322618875652552,
        0.022142771631479263,
        0.051043588668107986,
        0.0016209400491788983,
        0.09223414212465286,
        0.0,
        0.0
      ],
      "feature_importance_feature_order": [
        "f00",
        "f01",
        "f02",
        "f03",
        "f04",
        "f05",
        "f06",
        "f07",
        "f08",
        "f09",
        "proto",
        "service",
        "segment"
      ],
      "best_iteration": 71,
      "rows_train": 804,
      "rows_val": 105
    },
    "1": {
      "accuracy": 0.5714285714285714,
      "precision": 0.25,
      "recall": 0.25,
      "f1": 0.25,
      "roc_auc": 0.65,
      "positive_rate_val": 0.2857142857142857,
      "scale_pos_weight": 1.0,
      "feature_importance_vector": [
        0.10491862893104553,
        0.158657044172287,
        0.24348865449428558,
        0.06040874496102333,
        0.0347149632871151,
        0.03757704421877861,
        0.03965304419398308,
        0.027776280418038368,
        0.02978997677564621,
        0.027446722611784935,
        0.024755598977208138,
        0.062278540804982185,
        0.07838205900043249
      ],
      "feature_importance_feature_order": [
        "f00",
        "f01",
        "f02",
        "f03",
        "f04",
        "f05",
        "f06",
        "f07",
        "f08",
        "f09",
        "proto",
        "service",
        "segment"
      ],
      "best_iteration": 12,
      "rows_train": 78,
      "rows_val": 14
    },
    "2": {
      "accuracy": 1.0,
      "precision": 1.0,
      "recall": 1.0,
      "f1": 1.0,
      "roc_auc": 1.0,
      "positive_rate_val": 0.11764705882352941,
      "scale_pos_weight": 1.0,
      "feature_importance_vector": [
        0.1069733127951622,
        0.11613214761018753,
        0.038941409438848495,
        0.01328643411397934,
        0.027211064472794533,
        0.009453834965825081,
        0.012526614591479301,
        0.08348649740219116,
        0.0,
        0.04411068558692932,
        0.0,
        0.0,
        0.0
      ],
      "feature_importance_feature_order": [
        "f00",
        "f01",
        "f02",
        "f03",
        "f04",
        "f05",
        "f06",
        "f07",
        "f08",
        "f09",
        "proto",
        "service",
        "segment"
      ],
      "best_iteration": 132,
      "rows_train": 244,
      "rows_val": 34
    },
    "3": {
      "accuracy": 1.0,
      "precision": 1.0,
      "recall": 1.0,
      "f1": 1.0,
      "roc_auc": 1.0,
      "positive_rate_val": 0.031746031746031744,
      "scale_pos_weight": 1.0,
      "feature_importance_vector": [
        0.09714842587709427,
        0.06701779365539551,
        0.02627369947731495,
        0.016409199684858322,
        0.020720023661851883,
        0.025530096143484116,
        0.014445667155086994,
        0.040818504989147186,
        0.0126284658908844,
        0.04732798412442207,
        0.0,
        0.03580947418231517,
        0.014441855251789093
      ],
      "feature_importance_feature_order": [
        "f00",
        "f01",
        "f02",
        "f03",
        "f04",
        "f05",
        "f06",
        "f07",
        "f08",
        "f09",
        "proto",
        "service",
        "segment"
      ],
      "best_iteration": 155,
      "rows_train": 972,
      "rows_val": 126
    },
    "4": {
      "accuracy": 0.8,
      "precision": 0.8,
      "recall": 1.0,
      "f1": 0.8888888888888888,
      "roc_auc": 0.5,
      "positive_rate_val": 0.8,
      "scale_pos_weight": 0.125,
      "feature_importance_vector": [
        0.0,
        0.0,
        0.0,
        0.0,
        0.0,
        0.0,
        0.0,
        0.0,
        0.0,
        0.0,
        0.0,
        0.0,
        0.0
      ],
      "feature_importance_feature_order": [
        "f00",
        "f01",
        "f02",
        "f03",
        "f04",
        "f05",
        "f06",
        "f07",
        "f08",
        "f09",
        "proto",
        "service",
        "segment"
      ],
      "best_iteration": 0,
      "rows_train": 18,
      "rows_val": 5
    },
    "5": {
      "accuracy": 1.0,
      "precision": 1.0,
      "recall": 1.0,
      "f1": 1.0,
      "roc_auc": 1.0,
      "positive_rate_val": 0.8,
      "scale_pos_weight": 0.3125,
      "feature_importance_vector": [
        0.2637043297290802,
        0.26701033115386963,
        0.011187582276761532,
        0.0,
        0.04728035628795624,
        0.0,
        0.11618033796548843,
        0.13141287863254547,
        0.0835769772529602,
        0.0323026105761528,
        0.04574932903051376,
        0.0015952116809785366,
        0.0
      ],
      "feature_importance_feature_order": [
        "f00",
        "f01",
        "f02",
        "f03",
        "f04",
        "f05",
        "f06",
        "f07",
        "f08",
        "f09",
        "proto",
        "service",
        "segment"
      ],
      "best_iteration": 169,
      "rows_train": 21,
      "rows_val": 5
    },
    "6": {
      "accuracy": 0.2,
      "precision": 0.0,
      "recall": 0.0,
      "f1": 0.0,
      "roc_auc": 0.5,
      "positive_rate_val": 0.8,
      "scale_pos_weight": 0.25,
      "feature_importance_vector": [
        0.0,
        0.0,
        0.0,
        0.0,
        0.0,
        0.0,
        0.0,
        0.0,
        0.0,
        0.0,
        0.0,
        0.0,
        0.0
      ],
      "feature_importance_feature_order": [
        "f00",
        "f01",
        "f02",
        "f03",
        "f04",
        "f05",
        "f06",
        "f07",
        "f08",
        "f09",
        "proto",
        "service",
        "segment"
      ],
      "best_iteration": 0,
      "rows_train": 20,
      "rows_val": 5
    },
    "7": {
      "accuracy": 0.9032258064516129,
      "precision": 0.0,
      "recall": 0.0,
      "f1": 0.0,
      "roc_auc": 0.8315789473684211,
      "positive_rate_val": 0.08064516129032258,
      "scale_pos_weight": 1.0,
      "feature_importance_vector": [
        0.25340861082077026,
        0.09818767011165619,
        0.06760012358427048,
        0.04284723475575447,
        0.05099555850028992,
        0.01644306816160679,
        0.04462443292140961,
        0.022449877113103867,
        0.05485309287905693,
        0.06843551248311996,
        0.007082006894052029,
        0.17951619930590823,
        0.050310902297496796
      ],
      "feature_importance_feature_order": [
        "f00",
        "f01",
        "f02",
        "f03",
        "f04",
        "f05",
        "f06",
        "f07",
        "f08",
        "f09",
        "proto",
        "service",
        "segment"
      ],
      "best_iteration": 72,
      "rows_train": 456,
      "rows_val": 62
    },
    "8": {
      "accuracy": 0.9259259259259259,
      "precision": 0.9117647058823529,
      "recall": 0.96875,
      "f1": 0.9393939393939394,
      "roc_auc": 0.9730113636363635,
      "positive_rate_val": 0.5925925925925926,
      "scale_pos_weight": 0.6771653543307087,