{
  "round": 1,
  "aggregate_metrics": {
    "accuracy": 0.838153268475849,
    "precision": 0.7454166666666666,
    "recall": 0.71875,
    "f1": 0.7203373015873016,
    "roc_auc": 0.8230252597628184
  },
  "traffic_metrics": {
    "bytes_sent_total": 4640.0,
    "avg_latency_ms": 16.444598094850555,
    "packet_loss_mean": 0.02922032777388467,
    "energy_total": 58.74767253955429,
    "n_events": 10.0
  },
  "agent_metrics": {
    "0": {
      "accuracy": 0.9809523809523809,
      "precision": 1.0,
      "recall": 0.5,
      "f1": 0.6666666666666666,
      "roc_auc": 0.9839108910891089,
      "positive_rate_val": 0.0380952380952381,
      "scale_pos_weight": 1.0,
      "feature_importance_vector": [
        0.07996366918087006,
        0.06943594664335251,
        0.002182422671467066,
        0.020760929211974144,
        0.02931005321443081,
        0.014848303981125355,
        0.039357710629701614,
        0.026004670187830925,
        0.09017127752304077,
        0.0,
        0.029966799542307854,
        0.030326928943395615,
        0.0
      ],
      "feature_importance_feature_order": [
        "f00",
        "f01",
        "f02",
        "f03",
        "f04",
        "f05",
        "f06",
        "f07",
        "f08",
        "f09",
        "proto",
        "service",
        "segment"
      ],
      "best_iteration": 69,
      "rows_train": 804,
      "rows_val": 105
    },
    "1": {
      "accuracy": 0.5714285714285714,
      "precision": 0.25,
      "recall": 0.25,
      "f1": 0.25,
      "roc_auc": 0.625,
      "positive_rate_val": 0.2857142857142857,
      "scale_pos_weight": 1.0,
      "feature_importance_vector": [
        0.11120084673166275,
        0.16841278970241547,
        0.2502516508102417,
        0.0278237946331501,
        0.040106382220983505,
        0.1065199002623558,
        0.08374577760696411,
        0.026058200746774673,
        0.039103228598833084,
        0.0,
        0.00033118430292233825,
        0.03574067633599043,
        0.04118385724723339
      ],
      "feature_importance_feature_order": [
        "f00",
        "f01",
        "f02",
        "f03",
        "f04",
        "f05",
        "f06",
        "f07",
        "f08",
        "f09",
        "proto",
        "service",
        "segment"
      ],
      "best_iteration": 4,
      "rows_train": 78,
      "rows_val": 14
    },
    "2": {
      "accuracy": 1.0,
      "precision": 1.0,
      "recall": 1.0,
      "f1": 1.0,
      "roc_auc": 1.0,
      "positive_rate_val": 0.11764705882352941,
      "scale_pos_weight": 1.0,
      "feature_importance_vector": [
        0.11956354975700378,
        0.06557253003120422,
        0.05781178921461105,
        0.07939635962247849,
        0.039669305086135864,
        0.0,
        0.012388166971504688,
        0.04625791683793068,
        0.020902084186673164,
        0.0996939018368721,
        0.0,
        0.003019097726792097,
        0.0
      ],
      "feature_importance_feature_order": [
        "f00",
        "f01",
        "f02",
        "f03",
        "f04",
        "f05",
        "f06",
        "f07",
        "f08",
        "f09",
        "proto",
        "service",
        "segment"
      ],
      "best_iteration": 154,
      "rows_train": 244,
      "rows_val": 34
    },
    "3": {
      "accuracy": 1.0,
      "precision": 1.0,
      "recall": 1.0,
      "f1": 1.0,
      "roc_auc": 1.0,
      "positive_rate_val": 0.031746031746031744,
      "scale_pos_weight": 1.0,
      "feature_importance_vector": [
        0.12240081280469894,
        0.06904839724302292,
        0.000848372292239219,
        0.05996160954236984,
        0.054558370262384415,
        0.04153456166386604,
        0.012621976435184479,
        0.03537174314260483,
        0.0,
        0.08772721141576767,
        0.0,
        0.08739573508501053,
        0.003166221547871828
      ],
      "feature_importance_feature_order": [
        "f00",
        "f01",
        "f02",
        "f03",
        "f04",
        "f05",
        "f06",
        "f07",
        "f08",
        "f09",
        "proto",
        "service",
        "segment"
      ],
      "best_iteration": 170,
      "rows_train": 972,
      "rows_val": 126
    },
    "4": {
      "accuracy": 0.8,
      "precision": 0.8,
      "recall": 1.0,
      "f1": 0.8888888888888888,
      "roc_auc": 0.5,
      "positive_rate_val": 0.8,
      "scale_pos_weight": 0.125,
      "feature_importance_vector": [
        0.0,
        0.0,
        0.0,
        0.0,
        0.0,
        0.0,
        0.0,
        0.0,
        0.0,
        0.0,
        0.0,
        0.0,
        0.0
      ],
      "feature_importance_feature_order": [
        "f00",
        "f01",
        "f02",
        "f03",
        "f04",
        "f05",
        "f06",
        "f07",
        "f08",
        "f09",
        "proto",
        "service",
        "segment"
      ],
      "best_iteration": 0,
      "rows_train": 18,
      "rows_val": 5
    },
    "5": {
      "accuracy": 0.8,
      "precision": 0.8,
      "recall": 1.0,
      "f1": 0.8888888888888888,
      "roc_auc": 1.0,
      "positive_rate_val": 0.8,
      "scale_pos_weight": 0.3125,
      "feature_importance_vector": [
        0.24569515883922577,
        0.27371877431869507,
        0.007949776016175747,
        0.0,
        0.05212203413248062,
        0.03328324109315872,
        0.10978233069181442,
        0.10393232852220535,
        0.09553530067205429,
        0.0,
        0.058138612657785416,
        0.0,
        0.0
      ],
      "feature_importance_feature_order": [
        "f00",
        "f01",
        "f02",
        "f03",
        "f04",
        "f05",
        "f06",
        "f07",
        "f08",
        "f09",
        "proto",
        "service",
        "segment"
      ],
      "best_iteration": 158,
      "rows_train": 21,
      "rows_val": 5
    },
    "6": {
      "accuracy": 0.4,
      "precision": 0.6666666666666666,
      "recall": 0.5,
      "f1": 0.5714285714285714,
      "roc_auc": 0.25,
      "positive_rate_val": 0.8,
      "scale_pos_weight": 0.25,
      "feature_importance_vector": [
        1.0,
        0.0,
        0.0,
        0.0,
        0.0,
        0.0,
        0.0,
        0.0,
        0.0,
        0.0,
        0.0,
        0.0,
        0.0
      ],
      "feature_importance_feature_order": [
        "f00",
        "f01",
        "f02",
        "f03",
        "f04",
        "f05",
        "f06",
        "f07",
        "f08",
        "f09",
        "proto",
        "service",
        "segment"
      ],
      "best_iteration": 1,
      "rows_train": 20,
      "rows_val": 5
    },
    "7": {
      "accuracy": 0.9032258064516129,
      "precision": 0.0,
      "recall": 0.0,
      "f1": 0.0,
      "roc_auc": 0.8912280701754386,
      "positive_rate_val": 0.08064516129032258,
      "scale_pos_weight": 1.0,
      "feature_importance_vector": [
        0.24902276694774628,
        0.09963849186897278,
        0.0641769990324974,
        0.04659487307071686,
        0.03314583748579025,
        0.032140932977199554,
        0.06572841107845306,
        0.024218395352363586,
        0.02668686956167221,
        0.07479485124349594,
        0.0075548565946519375,
        0.13455092534422874,
        0.08710779901593924
      ],
      "feature_importance_feature_order": [
        "f00",
        "f01",
        "f02",
        "f03",
        "f04",
        "f05",
        "f06",
        "f07",
        "f08",
        "f09",
        "proto",
        "service",
        "segment"
      ],
      "best_iteration": 80,
      "rows_train": 456,
      "rows_val": 62
    },
    "8": {
      "accuracy": 0.9259259259259259,
      "precision": 0.9375,
      "recall": 0.9375,
      "f1": 0.9375,
      "roc_auc": 0.9801136363636364,
      "positive_rate_val": 0.5925925925925926,
      "scale_pos_weight": 0.6771653543307087,