{
  "round": 4,
  "aggregate_metrics": {
    "accuracy": 0.8979143198498036,
    "precision": 0.8259090909090908,
    "recall": 0.7887500000000001,
    "f1": 0.7903235653235653,
    "roc_auc": 0.8582396479779557
  },
  "traffic_metrics": {
    "bytes_sent_total": 4640.0,
    "avg_latency_ms": 16.652925658353723,
    "packet_loss_mean": 0.03000773634467343,
    "energy_total": 58.74350517576442,
    "n_events": 10.0
  },
  "agent_metrics": {
    "0": {
      "accuracy": 0.9809523809523809,
      "precision": 1.0,
      "recall": 0.5,
      "f1": 0.6666666666666666,
      "roc_auc": 0.9727722772277229,
      "positive_rate_val": 0.0380952380952381,
      "scale_pos_weight": 1.0,
      "feature_importance_vector": [
        0.15455111861228943,
        0.10515588521957397,
        0.0,
        0.03723885118961334,
        0.0,
        0.04358247295022011,
        0.0,
        0.00974825955927372,
        0.0,
        0.034176941961050034,
        0.0,
        0.0,
        0.0
      ],
      "feature_importance_feature_order": [
        "f00",
        "f01",
        "f02",
        "f03",
        "f04",
        "f05",
        "f06",
        "f07",
        "f08",
        "f09",
        "proto",
        "service",
        "segment"
      ],
      "best_iteration": 69,
      "rows_train": 804,
      "rows_val": 105
    },
    "1": {
      "accuracy": 0.5714285714285714,
      "precision": 0.25,
      "recall": 0.25,
      "f1": 0.25,
      "roc_auc": 0.725,
      "positive_rate_val": 0.2857142857142857,
      "scale_pos_weight": 1.0,
      "feature_importance_vector": [
        0.08922897279262543,
        0.13384957611560822,
        0.1831437647342682,
        0.06147133931517601,
        0.0349089577794075,
        0.0249192975461483,
        0.09502168744802475,
        0.016007762402296066,
        0.03880548104643822,
        0.06767714768648148,
        0.023179898038506508,
        0.11379851028323174,
        0.05667329207062721
      ],
      "feature_importance_feature_order": [
        "f00",
        "f01",
        "f02",
        "f03",
        "f04",
        "f05",
        "f06",
        "f07",
        "f08",
        "f09",
        "proto",
        "service",
        "segment"
      ],
      "best_iteration": 56,
      "rows_train": 78,
      "rows_val": 14
    },
    "2": {
      "accuracy": 1.0,
      "precision": 1.0,
      "recall": 1.0,
      "f1": 1.0,
      "roc_auc": 1.0,
      "positive_rate_val": 0.11764705882352941,
      "scale_pos_weight": 1.0,
      "feature_importance_vector": [
        0.11892969161272049,
        0.061440154910087585,
        0.04464559257030487,
        0.017498355358839035,
        0.2533632218837738,
        0.0,
        0.009019684977829456,
        0.022072451189160347,
        0.02521616965532303,
        0.14505437016487122,
        0.0,
        0.0,
        0.03892907872796059
      ],
      "feature_importance_feature_order": [
        "f00",
        "f01",
        "f02",
        "f03",
        "f04",
        "f05",
        "f06",
        "f07",
        "f08",
        "f09",
        "proto",
        "service",
        "segment"
      ],
      "best_iteration": 257,
      "rows_train": 244,
      "rows_val": 34
    },
    "3": {
      "accuracy": 1.0,
      "precision": 1.0,
      "recall": 1.0,
      "f1": 1.0,
      "roc_auc": 1.0,
      "positive_rate_val": 0.031746031746031744,
      "scale_pos_weight": 1.0,
      "feature_importance_vector": [
        0.10621774941682816,
        0.0619470588862896,
        0.0,
        0.017595214769244194,
        0.014813692308962345,
        0.027817176654934883,
        0.06883101165294647,
        0.031486812978982925,
        0.012882141396403313,
        0.003146765287965536,
        0.0,
        0.055950184134417213,
        0.0
      ],
      "feature_importance_feature_order": [
        "f00",
        "f01",
        "f02",
        "f03",
        "f04",
        "f05",
        "f06",
        "f07",
        "f08",
        "f09",
        "proto",
        "service",
        "segment"
      ],
      "best_iteration": 151,
      "rows_train": 972,
      "rows_val": 126
    },
    "4": {
      "accuracy": 0.8,
      "precision": 0.8,
      "recall": 1.0,
      "f1": 0.8888888888888888,
      "roc_auc": 0.5,
      "positive_rate_val": 0.8,
      "scale_pos_weight": 0.125,
      "feature_importance_vector": [
        0.0,
        0.0,
        0.0,
        0.0,
        0.0,
        0.0,
        0.0,
        0.0,
        0.0,
        0.0,
        0.0,
        0.0,
        0.0
      ],
      "feature_importance_feature_order": [
        "f00",
        "f01",
        "f02",
        "f03",
        "f04",
        "f05",
        "f06",
        "f07",
        "f08",
        "f09",
        "proto",
        "service",
        "segment"
      ],
      "best_iteration": 0,
      "rows_train": 18,
      "rows_val": 5
    },
    "5": {
      "accuracy": 1.0,
      "precision": 1.0,
      "recall": 1.0,
      "f1": 1.0,
      "roc_auc": 1.0,
      "positive_rate_val": 0.8,
      "scale_pos_weight": 0.3125,
      "feature_importance_vector": [
        0.24695637822151184,
        0.2675114870071411,
        0.004684697836637497,
        0.0,
        0.05267561972141266,
        0.03564126417040825,
        0.10662231594324112,
        0.09500416368246078,
        0.13763990998268127,
        0.0,
        0.05326417461037636,
        0.0,
        0.0
      ],
      "feature_importance_feature_order": [
        "f00",
        "f01",
        "f02",
        "f03",
        "f04",
        "f05",
        "f06",
        "f07",
        "f08",
        "f09",
        "proto",
        "service",
        "segment"
      ],
      "best_iteration": 140,
      "rows_train": 21,
      "rows_val": 5
    },
    "6": {
      "accuracy": 0.8,
      "precision": 0.8,
      "recall": 1.0,
      "f1": 0.8888888888888888,
      "roc_auc": 0.5,
      "positive_rate_val": 0.8,
      "scale_pos_weight": 0.25,
      "feature_importance_vector": [
        0.0,
        0.0,
        0.0,
        0.0,
        0.0,
        0.0,
        0.0,
        0.0,
        0.0,
        0.0,
        0.0,
        0.0,
        0.0
      ],
      "feature_importance_feature_order": [
        "f00",
        "f01",
        "f02",
        "f03",
        "f04",
        "f05",
        "f06",
        "f07",
        "f08",
        "f09",
        "proto",
        "service",
        "segment"
      ],
      "best_iteration": 14,
      "rows_train": 20,
      "rows_val": 5
    },
    "7": {
      "accuracy": 0.9193548387096774,
      "precision": 0.5,
      "recall": 0.2,
      "f1": 0.2857142857142857,
      "roc_auc": 0.9087719298245613,
      "positive_rate_val": 0.08064516129032258,
      "scale_pos_weight": 1.0,
      "feature_importance_vector": [
        0.30149051547050476,
        0.09579963982105255,
        0.06955935806035995,
        0.04338239133358002,
        0.030453909188508987,
        0.048955414444208145,
        0.054366033524274826,
        0.02117006853222847,
        0.01408120896667242,
        0.061362605541944504,
        0.05306933540850878,
        0.04578871838748455,
        0.10356901283375919
      ],
      "feature_importance_feature_order": [
        "f00",
        "f01",
        "f02",
        "f03",
        "f04",
        "f05",
        "f06",
        "f07",
        "f08",
        "f09",
        "proto",
        "service",
        "segment"
      ],
      "best_iteration": 55,
      "rows_train": 456,
      "rows_val": 62
    },
    "8": {
      "accuracy": 0.9074074074074074,
      "precision": 0.9090909090909091,
      "recall": 0.9375,
      "f1": 0.9230769230769231,
      "roc_auc": 0.9758522727272727,
      "positive_rate_val": 0.5925925925925926,
      "scale_pos_weight": 0.6771653543307087,