{
  "round": 3,
  "aggregate_metrics": {
    "accuracy": 0.8400051203277009,
    "precision": 0.698939393939394,
    "recall": 0.671875,
    "f1": 0.6759401709401709,
    "roc_auc": 0.8518471287918267
  },
  "traffic_metrics": {
    "bytes_sent_total": 4640.0,
    "avg_latency_ms": 15.969608404531083,
    "packet_loss_mean": 0.028482039560037337,
    "energy_total": 58.74003641511799,
    "n_events": 10.0
  },
  "agent_metrics": {
    "0": {
      "accuracy": 0.9809523809523809,
      "precision": 1.0,
      "recall": 0.5,
      "f1": 0.6666666666666666,
      "roc_auc": 0.969059405940594,
      "positive_rate_val": 0.0380952380952381,
      "scale_pos_weight": 1.0,
      "feature_importance_vector": [
        0.09186752885580063,
        0.06466111540794373,
        0.029244117438793182,
        0.02852580137550831,
        0.0,
        0.022166484966874123,
        0.0,
        0.013139499351382256,
        0.015273594297468662,
        0.0013227000599727035,
        0.006499680981505662,
        0.0,
        0.056190527975559235
      ],
      "feature_importance_feature_order": [
        "f00",
        "f01",
        "f02",
        "f03",
        "f04",
        "f05",
        "f06",
        "f07",
        "f08",
        "f09",
        "proto",
        "service",
        "segment"
      ],
      "best_iteration": 76,
      "rows_train": 804,
      "rows_val": 105
    },
    "1": {
      "accuracy": 0.5714285714285714,
      "precision": 0.25,
      "recall": 0.25,
      "f1": 0.25,
      "roc_auc": 0.6499999999999999,
      "positive_rate_val": 0.2857142857142857,
      "scale_pos_weight": 1.0,
      "feature_importance_vector": [
        0.08093477040529251,
        0.17545637488365173,
        0.24041667580604553,
        0.06341397017240524,
        0.042085807770490646,
        0.008992701768875122,
        0.023067541420459747,
        0.007554045878350735,
        0.0438469722867012,
        0.03612331673502922,
        0.04334434223710559,
        0.10817796550691128,
        0.06519521586596966
      ],
      "feature_importance_feature_order": [
        "f00",
        "f01",
        "f02",
        "f03",
        "f04",
        "f05",
        "f06",
        "f07",
        "f08",
        "f09",
        "proto",
        "service",
        "segment"
      ],
      "best_iteration": 8,
      "rows_train": 78,
      "rows_val": 14
    },
    "2": {
      "accuracy": 1.0,
      "precision": 1.0,
      "recall": 1.0,
      "f1": 1.0,
      "roc_auc": 1.0,
      "positive_rate_val": 0.11764705882352941,
      "scale_pos_weight": 1.0,
      "feature_importance_vector": [
        0.14374175667762756,
        0.08365251123905182,
        0.09273587167263031,
        0.02051509916782379,
        0.03064386174082756,
        0.10939215868711472,
        0.045249905437231064,
        0.021809587255120277,
        0.019166098907589912,
        0.08176036179065704,
        0.036554545164108276,
        0.005480900872498751,
        0.027477217838168144
      ],
      "feature_importance_feature_order": [
        "f00",
        "f01",
        "f02",
        "f03",
        "f04",
        "f05",
        "f06",
        "f07",
        "f08",
        "f09",
        "proto",
        "service",
        "segment"
      ],
      "best_iteration": 184,
      "rows_train": 244,
      "rows_val": 34
    },
    "3": {
      "accuracy": 1.0,
      "precision": 1.0,
      "recall": 1.0,
      "f1": 1.0,
      "roc_auc": 1.0,
      "positive_rate_val": 0.031746031746031744,
      "scale_pos_weight": 1.0,
      "feature_importance_vector": [
        0.08995198458433151,
        0.0410199873149395,
        0.021631034091114998,
        0.02071918547153473,
        0.0357137955725193,
        0.029146680608391762,
        0.05331968888640404,
        0.030394835397601128,
        0.0,
        0.014745024032890797,
        0.0,
        0.06299258628860116,
        0.019081028178334236
      ],
      "feature_importance_feature_order": [
        "f00",
        "f01",
        "f02",
        "f03",
        "f04",
        "f05",
        "f06",
        "f07",
        "f08",
        "f09",
        "proto",
        "service",
        "segment"
      ],
      "best_iteration": 171,
      "rows_train": 972,
      "rows_val": 126
    },
    "4": {
      "accuracy": 0.8,
      "precision": 0.8,
      "recall": 1.0,
      "f1": 0.8888888888888888,
      "roc_auc": 0.5,
      "positive_rate_val": 0.8,
      "scale_pos_weight": 0.125,
      "feature_importance_vector": [
        0.0,
        0.0,
        0.0,
        0.0,
        0.0,
        0.0,
        0.0,
        0.0,
        0.0,
        0.0,
        0.0,
        0.0,
        0.0
      ],
      "feature_importance_feature_order": [
        "f00",
        "f01",
        "f02",
        "f03",
        "f04",
        "f05",
        "f06",
        "f07",
        "f08",
        "f09",
        "proto",
        "service",
        "segment"
      ],
      "best_iteration": 0,
      "rows_train": 18,
      "rows_val": 5
    },
    "5": {
      "accuracy": 1.0,
      "precision": 1.0,
      "recall": 1.0,
      "f1": 1.0,
      "roc_auc": 1.0,
      "positive_rate_val": 0.8,
      "scale_pos_weight": 0.3125,
      "feature_importance_vector": [
        0.27635231614112854,
        0.2987655699253082,
        0.0,
        0.0,
        0.042125456035137177,
        0.037948668003082275,
        0.11262696236371994,
        0.08856658637523651,
        0.08765126019716263,
        0.0,
        0.054019659757614136,
        0.0,
        0.0
      ],
      "feature_importance_feature_order": [
        "f00",
        "f01",
        "f02",
        "f03",
        "f04",
        "f05",
        "f06",
        "f07",
        "f08",
        "f09",
        "proto",
        "service",
        "segment"
      ],
      "best_iteration": 177,
      "rows_train": 21,
      "rows_val": 5
    },
    "6": {
      "accuracy": 0.2,
      "precision": 0.0,
      "recall": 0.0,
      "f1": 0.0,
      "roc_auc": 0.5,
      "positive_rate_val": 0.8,
      "scale_pos_weight": 0.25,
      "feature_importance_vector": [
        0.0,
        0.0,
        0.0,
        0.0,
        0.0,
        0.0,
        0.0,
        0.0,
        0.0,
        0.0,
        0.0,
        0.0,
        0.0
      ],
      "feature_importance_feature_order": [
        "f00",
        "f01",
        "f02",
        "f03",
        "f04",
        "f05",
        "f06",
        "f07",
        "f08",
        "f09",
        "proto",
        "service",
        "segment"
      ],
      "best_iteration": 7,
      "rows_train": 20,
      "rows_val": 5
    },
    "7": {
      "accuracy": 0.9032258064516129,
      "precision": 0.0,
      "recall": 0.0,
      "f1": 0.0,
      "roc_auc": 0.9192982456140351,
      "positive_rate_val": 0.08064516129032258,
      "scale_pos_weight": 1.0,
      "feature_importance_vector": [
        0.3043736517429352,
        0.09823843836784363,
        0.07028480619192123,
        0.0488404743373394,
        0.03192326799035072,
        0.03593107685446739,
        0.04148482158780098,
        0.025171734392642975,
        0.033151086419820786,
        0.07005949318408966,
        0.02437386242672801,
        0.08555965591222048,
        0.0845330124720931
      ],
      "feature_importance_feature_order": [
        "f00",
        "f01",
        "f02",
        "f03",
        "f04",
        "f05",
        "f06",
        "f07",
        "f08",
        "f09",
        "proto",
        "service",
        "segment"
      ],
      "best_iteration": 74,
      "rows_train": 456,
      "rows_val": 62
    },
    "8": {
      "accuracy": 0.9444444444444444,
      "precision": 0.9393939393939394,
      "recall": 0.96875,
      "f1": 0.9538461538461539,
      "roc_auc": 0.9801136363636364,
      "positive_rate_val": 0.5925925925925926,
      "scale_pos_weight": 0.6771653543307087,