{
  "round": 2,
  "aggregate_metrics": {
    "accuracy": 0.9000051203277009,
    "precision": 0.7789393939393939,
    "recall": 0.771875,
    "f1": 0.7648290598290599,
    "roc_auc": 0.8607889407361788
  },
  "traffic_metrics": {
    "bytes_sent_total": 4640.0,
    "avg_latency_ms": 15.333922395085661,
    "packet_loss_mean": 0.02860308465070563,
    "energy_total": 58.7512332437807,
    "n_events": 10.0
  },
  "agent_metrics": {
    "0": {
      "accuracy": 0.9809523809523809,
      "precision": 1.0,
      "recall": 0.5,
      "f1": 0.6666666666666666,
      "roc_auc": 0.9801980198019802,
      "positive_rate_val": 0.0380952380952381,
      "scale_pos_weight": 1.0,
      "feature_importance_vector": [
        0.08197817206382751,
        0.052548427134752274,
        0.01571301557123661,
        0.02031765691936016,
        0.01136105041950941,
        0.03683643415570259,
        0.0003391816280782223,
        0.012307672761380672,
        0.018944233655929565,
        0.0836624875664711,
        0.03730120416730642,
        0.0,
        0.0
      ],
      "feature_importance_feature_order": [
        "f00",
        "f01",
        "f02",
        "f03",
        "f04",
        "f05",
        "f06",
        "f07",
        "f08",
        "f09",
        "proto",
        "service",
        "segment"
      ],
      "best_iteration": 71,
      "rows_train": 804,
      "rows_val": 105
    },
    "1": {
      "accuracy": 0.5714285714285714,
      "precision": 0.25,
      "recall": 0.25,
      "f1": 0.25,
      "roc_auc": 0.75,
      "positive_rate_val": 0.2857142857142857,
      "scale_pos_weight": 1.0,
      "feature_importance_vector": [
        0.07524754106998444,
        0.1377159059047699,
        0.18631134927272797,
        0.049582697451114655,
        0.036253511905670166,
        0.03543461114168167,
        0.12096978724002838,
        0.009249642491340637,
        0.048558205366134644,
        0.012349311262369156,
        0.03338262904435396,
        0.14959758892655373,
        0.04869419476017356
      ],
      "feature_importance_feature_order": [
        "f00",
        "f01",
        "f02",
        "f03",
        "f04",
        "f05",
        "f06",
        "f07",
        "f08",
        "f09",
        "proto",
        "service",
        "segment"
      ],
      "best_iteration": 50,
      "rows_train": 78,
      "rows_val": 14
    },
    "2": {
      "accuracy": 1.0,
      "precision": 1.0,
      "recall": 1.0,
      "f1": 1.0,
      "roc_auc": 1.0,
      "positive_rate_val": 0.11764705882352941,
      "scale_pos_weight": 1.0,
      "feature_importance_vector": [
        0.08237649500370026,
        0.05861892178654671,
        0.041643258184194565,
        0.03958197310566902,
        0.11091113835573196,
        0.01530467253178358,
        0.015510393306612968,
        0.018073778599500656,
        0.017192676663398743,
        0.11742191016674042,
        0.0,
        0.0,
        0.0
      ],
      "feature_importance_feature_order": [
        "f00",
        "f01",
        "f02",
        "f03",
        "f04",
        "f05",
        "f06",
        "f07",
        "f08",
        "f09",
        "proto",
        "service",
        "segment"
      ],
      "best_iteration": 181,
      "rows_train": 244,
      "rows_val": 34
    },
    "3": {
      "accuracy": 1.0,
      "precision": 1.0,
      "recall": 1.0,
      "f1": 1.0,
      "roc_auc": 1.0,
      "positive_rate_val": 0.031746031746031744,
      "scale_pos_weight": 1.0,
      "feature_importance_vector": [
        0.061335429549217224,
        0.03819192573428154,
        0.03494730591773987,
        0.03515751287341118,
        0.02687358297407627,
        0.015302671119570732,
        0.02917947992682457,
        0.022124184295535088,
        0.039897371083498,
        0.04727287217974663,
        0.034352824091911316,
        0.03824119991622865,
        0.08006341010332108
      ],
      "feature_importance_feature_order": [
        "f00",
        "f01",
        "f02",
        "f03",
        "f04",
        "f05",
        "f06",
        "f07",
        "f08",
        "f09",
        "proto",
        "service",
        "segment"
      ],
      "best_iteration": 215,
      "rows_train": 972,
      "rows_val": 126
    },
    "4": {
      "accuracy": 0.8,
      "precision": 0.8,
      "recall": 1.0,
      "f1": 0.8888888888888888,
      "roc_auc": 0.5,
      "positive_rate_val": 0.8,
      "scale_pos_weight": 0.125,
      "feature_importance_vector": [
        0.0,
        0.0,
        0.0,
        0.0,
        0.0,
        0.0,
        0.0,
        0.0,
        0.0,
        0.0,
        0.0,
        0.0,
        0.0
      ],
      "feature_importance_feature_order": [
        "f00",
        "f01",
        "f02",
        "f03",
        "f04",
        "f05",
        "f06",
        "f07",
        "f08",
        "f09",
        "proto",
        "service",
        "segment"
      ],
      "best_iteration": 0,
      "rows_train": 18,
      "rows_val": 5
    },
    "5": {
      "accuracy": 1.0,
      "precision": 1.0,
      "recall": 1.0,
      "f1": 1.0,
      "roc_auc": 1.0,
      "positive_rate_val": 0.8,
      "scale_pos_weight": 0.3125,
      "feature_importance_vector": [
        0.28414908051490784,
        0.27877721190452576,
        0.0,
        0.0,
        0.042868293821811676,
        0.025534920394420624,
        0.10613760352134705,
        0.09782916307449341,
        0.06468069553375244,
        0.04021266847848892,
        0.059810418635606766,
        0.0,
        0.0
      ],
      "feature_importance_feature_order": [
        "f00",
        "f01",
        "f02",
        "f03",
        "f04",
        "f05",
        "f06",
        "f07",
        "f08",
        "f09",
        "proto",
        "service",
        "segment"
      ],
      "best_iteration": 171,
      "rows_train": 21,
      "rows_val": 5
    },
    "6": {
      "accuracy": 0.8,
      "precision": 0.8,
      "recall": 1.0,
      "f1": 0.8888888888888888,
      "roc_auc": 0.5,
      "positive_rate_val": 0.8,
      "scale_pos_weight": 0.25,
      "feature_importance_vector": [
        0.0,
        0.0,
        0.0,
        0.0,
        0.0,
        0.0,
        0.0,
        0.0,
        0.0,
        0.0,
        0.0,
        0.0,
        0.0
      ],
      "feature_importance_feature_order": [
        "f00",
        "f01",
        "f02",
        "f03",
        "f04",
        "f05",
        "f06",
        "f07",
        "f08",
        "f09",
        "proto",
        "service",
        "segment"
      ],
      "best_iteration": 2,
      "rows_train": 20,
      "rows_val": 5
    },
    "7": {
      "accuracy": 0.9032258064516129,
      "precision": 0.0,
      "recall": 0.0,
      "f1": 0.0,
      "roc_auc": 0.8947368421052632,
      "positive_rate_val": 0.08064516129032258,
      "scale_pos_weight": 1.0,
      "feature_importance_vector": [
        0.26594221591949463,
        0.09364037960767746,
        0.051771849393844604,
        0.04156337305903435,
        0.04670706391334534,
        0.014991535805165768,
        0.074356809258461,
        0.023592742159962654,
        0.029719270765781403,
        0.07157883048057556,
        0.06973038939759135,
        0.11082816496491432,
        0.0708776741521433
      ],
      "feature_importance_feature_order": [
        "f00",
        "f01",
        "f02",
        "f03",
        "f04",
        "f05",
        "f06",
        "f07",
        "f08",
        "f09",
        "proto",
        "service",
        "segment"
      ],
      "best_iteration": 76,
      "rows_train": 456,
      "rows_val": 62
    },
    "8": {
      "accuracy": 0.9444444444444444,
      "precision": 0.9393939393939394,
      "recall": 0.96875,
      "f1": 0.9538461538461539,
      "roc_auc": 0.9829545454545454,
      "positive_rate_val": 0.5925925925925926,
      "scale_pos_weight": 0.6771653543307087,