round,bytes_sent_total,avg_latency_ms,packet_loss_mean,energy_total,n_events,accuracy,precision,recall,f1,roc_auc
1,1856.0,15.562863924033886,0.03071130535371986,21.162659691700306,5.0,0.9336559139784946,0.869047619047619,0.82,0.8246376811594203,0.8070028011204481
2,1856.0,16.706031042442355,0.0319140627553343,21.15547484177278,5.0,0.9320430107526881,0.8583333333333332,0.82,0.8169453734671126,0.8114845938375351
