round,bytes_sent_total,avg_latency_ms,packet_loss_mean,energy_total,n_events,accuracy,precision,recall,f1,roc_auc
1,1160.0,12.55578762620343,0.018272116256838878,21.025456905222786,5.0,0.9336559139784946,0.869047619047619,0.82,0.8246376811594203,0.8070028011204481
2,1160.0,12.831842484858615,0.022083917538364167,21.020562850123504,5.0,0.9320430107526881,0.8583333333333332,0.82,0.8169453734671126,0.8114845938375351
