round,bytes_sent_total,avg_latency_ms,packet_loss_mean,energy_total,n_events,accuracy,precision,recall,f1,roc_auc
1,1392.0,14.916480514304627,0.02736574938672858,21.57282986032868,5.0,0.9984,1.0,0.9,0.9333333333333333,0.9186991869918699
2,1392.0,15.155595989997432,0.027561144724605913,21.571101860952187,5.0,0.9984,1.0,0.9,0.9333333333333333,0.9491869918699187
