round,bytes_sent_total,avg_latency_ms,packet_loss_mean,energy_total,n_events,accuracy,precision,recall,f1,roc_auc
1,1160.0,15.591144883133243,0.02605493504768209,21.52204532700595,5.0,0.9984,1.0,0.9,0.9333333333333333,0.9186991869918699
2,1160.0,14.969689482456726,0.027851099664725192,21.525478639192347,5.0,0.9984,1.0,0.9,0.9333333333333333,0.9491869918699187
