{
  "numeric": {
    "f00": {
      "train_mean": -0.019099596932097302,
      "test_mean": 0.9005248361206364,
      "mean_shift": 0.9196244330527337,
      "train_std": 1.0098430154305136,
      "test_std": 0.8586347489442973,
      "std_shift": -0.15120826648621633,
      "ks_statistic": 0.4542857142857143,
      "ks_pvalue": 0.05223292803087698
    },
    "f01": {
      "train_mean": -0.0008778714673145162,
      "test_mean": -1.087166235005227,
      "mean_shift": -1.0862883635379124,
      "train_std": 0.9824991489627193,
      "test_std": 0.9092749175265654,
      "std_shift": -0.07322423143615386,
      "ks_statistic": 0.6564285714285715,
      "ks_pvalue": 0.0007336370932483381
    },
    "f02": {
      "train_mean": -0.03347591567019166,
      "test_mean": -0.6065699126781161,
      "mean_shift": -0.5730939970079244,
      "train_std": 0.9747290669698829,
      "test_std": 0.9382008225360853,
      "std_shift": -0.03652824443379765,
      "ks_statistic": 0.42214285714285715,
      "ks_pvalue": 0.08613967600610976
    },
    "f03": {
      "train_mean": -0.07212539860589201,
      "test_mean": -0.07372775632132307,
      "mean_shift": -0.0016023577154310603,
      "train_std": 0.9726897148429198,
      "test_std": 1.1081022839890913,
      "std_shift": 0.1354125691461715,
      "ks_statistic": 0.17357142857142857,
      "ks_pvalue": 0.9398319542970633
    },
    "f04": {
      "train_mean": -0.03525772465063791,
      "test_mean": -0.07266043782297765,
      "mean_shift": -0.037402713172339744,
      "train_std": 1.0125021991238812,
      "test_std": 1.739075371894474,
      "std_shift": 0.7265731727705929,
      "ks_statistic": 0.2692857142857143,
      "ks_pvalue": 0.5303236607485342
    },
    "f05": {
      "train_mean": 0.08242767463707576,
      "test_mean": -0.15916511146059498,
      "mean_shift": -0.24159278609767074,
      "train_std": 0.9612063729927472,
      "test_std": 0.45915562683865246,
      "std_shift": -0.5020507461540948,
      "ks_statistic": 0.365,
      "ks_pvalue": 0.1887386769962321
    },
    "f06": {
      "train_mean": -0.016299108243914395,
      "test_mean": 0.4722891837447673,
      "mean_shift": 0.4885882919886817,
      "train_std": 1.0072486322642027,
      "test_std": 1.3146320718569215,
      "std_shift": 0.30738343959271885,
      "ks_statistic": 0.2357142857142857,
      "ks_pvalue": 0.6896667924480216
    },
    "f07": {
      "train_mean": 0.015177254622138136,
      "test_mean": -0.24155770203226384,
      "mean_shift": -0.256734956654402,
      "train_std": 0.9903831054343765,
      "test_std": 1.0828429837443059,
      "std_shift": 0.09245987830992941,
      "ks_statistic": 0.22785714285714287,
      "ks_pvalue": 0.7276674953088489
    },
    "f08": {
      "train_mean": -0.03689849576044946,
      "test_mean": 0.7915305735766149,
      "mean_shift": 0.8284290693370644,
      "train_std": 0.9893068455061745,
      "test_std": 1.0019267504513034,
      "std_shift": 0.01261990494512888,
      "ks_statistic": 0.4,
      "ks_pvalue": 0.11880995267372828
    },
    "f09": {
      "train_mean": 0.000743309525489487,
      "test_mean": 0.3994387387547981,
      "mean_shift": 0.39869542922930856,
      "train_std": 1.0496698271502287,
      "test_std": 0.7987078122968582,
      "std_shift": -0.25096201485337055,
      "ks_statistic": 0.3385714285714286,
      "ks_pvalue": 0.2603095372236039
    }
  },
  "categorical": {
    "proto": {
      "categories": [
        "icmp",
        "tcp",
        "udp"
      ],
      "train_distribution": {
        "icmp": 0.11142857142857143,
        "tcp": 0.6014285714285714,
        "udp": 0.28714285714285714
      },
      "test_distribution": {
        "icmp": 0.375,
        "tcp": 0.5,
        "udp": 0.125
      },
      "tv_distance": 0.26357142857142857,
      "chi_square_statistic": 5.667253615109409,
      "chi_square_pvalue": 0.05879921305680969
    },
    "service": {
      "categories": [
        "db",
        "dns",
        "iot",
        "ssh",
        "web"
      ],
      "train_distribution": {
        "db": 0.17857142857142858,
        "dns": 0.22857142857142856,
        "iot": 0.07142857142857142,
        "ssh": 0.16,
        "web": 0.36142857142857143
      },
      "test_distribution": {
        "db": 0.125,
        "dns": 0.25,
        "iot": 0.125,
        "ssh": 0.25,
        "web": 0.25
      },
      "tv_distance": 0.165,
      "chi_square_statistic": 1.1291170924510157,
      "chi_square_pvalue": 0.8896253667465485
    },
    "segment": {
      "categories": [
        "core",
        "dmz",
        "edge"
      ],
      "train_distribution": {
        "core": 0.3457142857142857,
        "dmz": 0.14857142857142858,
        "edge": 0.5057142857142857
      },
      "test_distribution": {
        "core": 0.5,
        "dmz": 0.125,
        "edge": 0.375
      },
      "tv_distance": 0.15428571428571428,
      "chi_square_statistic": 0.8395333938453428,
      "chi_square_pvalue": 0.6572001287430955
    }
  }
}