round,bytes_sent_total,avg_latency_ms,packet_loss_mean,energy_total,n_events,accuracy,precision,recall,f1,roc_auc
1,1392.0,15.419476170213326,0.026542879746779623,21.070006948955815,5.0,0.9336559139784946,0.869047619047619,0.82,0.8246376811594203,0.8070028011204481
2,1392.0,15.613292194376376,0.02771552667380281,21.070825603858975,5.0,0.9320430107526881,0.8583333333333332,0.82,0.8169453734671126,0.8114845938375351
