{
  "label": "communication_budget-1p0__n_agents-5__non_iid_alpha-0p1__topology-ring__7abe820c",
  "repeat_index": 0,
  "seed": 1000,
  "runtime_seconds": 0.5022441710025305,
  "config_overrides": {
    "_study": {
      "non_iid_alpha": 0.1,
      "n_agents": 5,
      "topology": "ring",
      "communication_budget": 1.0
    },
    "data": {
      "non_iid_alpha": 0.1,
      "n_agents": 5,
      "per_agent_smote": true,
      "n_samples": 700,
      "min_pos_per_agent": 8
    },
    "marl": {
      "communication_budget": 1.0
    },
    "training": {
      "rounds": 2,
      "topology": "ring",
      "random_graph_p": 0.25
    },
    "xgboost": {
      "n_estimators": 60,
      "max_depth": 4,
      "early_stopping_rounds": 10
    }
  },
  "final_metrics": {
    "accuracy": 0.9320430107526881,
    "precision": 0.8583333333333332,
    "recall": 0.82,
    "f1": 0.8169453734671126,
    "roc_auc": 0.8114845938375351
  },
  "traffic_metrics": {
    "bytes_sent_total": 2320.0,
    "avg_latency_ms": 16.303195295814625,
    "packet_loss_mean": 0.03385087363414301,
    "energy_total": 21.258518781431253,
    "n_events": 5.0
  },
  "baseline_metrics": {
    "local_only_xgboost": {
      "accuracy": 0.9304301075268817,
      "precision": 0.8404761904761905,
      "recall": 0.78,
      "f1": 0.7913043478260869,
      "roc_auc": NaN
    },
    "naive_decentralized_uniform": {
      "accuracy": 0.9704301075268816,
      "precision": 0.85,
      "recall": 0.9199999999999999,
      "f1": 0.8770186335403725,
      "roc_auc": NaN
    }
  },
  "baseline_traffic": {
    "local_only_xgboost": {
      "bytes_sent_total": 0.0,
      "avg_latency_ms": 0.0,
      "packet_loss_mean": 0.0,
      "energy_total": 0.0,
      "n_events": 0.0
    },
    "naive_decentralized_uniform": {
      "bytes_sent_total": 1040.0,
      "avg_latency_ms": 11.88062729865185,
      "packet_loss_mean": 0.009365639229457799,
      "energy_total": 14.623567052009689,
      "n_events": 5.0
    }
  },
  "per_round_metrics": [
    {
      "round": 1,
      "aggregate_metrics": {
        "accuracy": 0.9336559139784946,
        "precision": 0.869047619047619,
        "recall": 0.82,
        "f1": 0.8246376811594203,
        "roc_auc": 0.8070028011204481
      },
      "traffic_metrics": {
        "bytes_sent_total": 2320.0,
        "avg_latency_ms": 15.296453607140652,
        "packet_loss_mean": 0.0311275575265799,
        "energy_total": 21.255287627171914,
        "n_events": 5.0
      },
      "agent_metrics": {
        "0": {
          "accuracy": 1.0,
          "precision": 1.0,
          "recall": 1.0,
          "f1": 1.0,
          "roc_auc": NaN,
          "positive_rate_val": 1.0,
          "scale_pos_weight": 0.16666666666666666,
          "feature_importance_vector": [
            0.0,
            0.0,
            0.0,
            0.0,
            0.0,
            0.0,
            0.0,
            0.0,
            0.0,
            0.0,
            0.0,
            0.0,
            0.0
          ],
          "feature_importance_feature_order": [
            "f00",
            "f01",
            "f02",
            "f03",
            "f04",
            "f05",
            "f06",
            "f07",
            "f08",
            "f09",
            "proto",
            "service",
            "segment"
          ],
          "best_iteration": -1,
          "rows_train": 6,
          "rows_val": 2
        },
        "1": {
          "accuracy": 1.0,
          "precision": 1.0,
          "recall": 1.0,
          "f1": 1.0,
          "roc_auc": NaN,
          "positive_rate_val": 1.0,
          "scale_pos_weight": 0.16666666666666666,
          "feature_importance_vector": [
            0.0,
            0.0,
            0.0,
            0.0,
            0.0,
            0.0,
            0.0,
            0.0,
            0.0,
            0.0,
            0.0,
            0.0,
            0.0
          ],
          "feature_importance_feature_order": [
            "f00",
            "f01",
            "f02",
            "f03",
            "f04",
            "f05",
            "f06",
            "f07",
            "f08",
            "f09",
            "proto",
            "service",
            "segment"
          ],
          "best_iteration": -1,
          "rows_train": 6,
          "rows_val": 2
        },
        "2": {
          "accuracy": 0.9166666666666666,
          "precision": 0.9166666666666666,
          "recall": 1.0,
          "f1": 0.9565217391304348,
          "roc_auc": 0.5,
          "positive_rate_val": 0.9166666666666666,
          "scale_pos_weight": 0.023255813953488372,
          "feature_importance_vector": [
            0.0,
            0.0,
            0.0,
            0.0,
            0.0,
            0.0,
            0.0,
            0.0,
            0.0,
            0.0,
            0.0,
            0.0,
            0.0
          ],
          "feature_importance_feature_order": [
            "f00",
            "f01",
            "f02",
            "f03",
            "f04",
            "f05",
            "f06",
            "f07",
            "f08",
            "f09",
            "proto",
            "service",
            "segment"
          ],
          "best_iteration": 0,
          "rows_train": 44,
          "rows_val": 12
        },
        "3": {
          "accuracy": 0.9516129032258065,
          "precision": 0.42857142857142855,
          "recall": 0.6,
          "f1": 0.5,
          "roc_auc": 0.9210084033613445,
          "positive_rate_val": 0.04032258064516129,
          "scale_pos_weight": 1.0,
          "feature_importance_vector": [
            0.14474089443683624,
            0.15615327656269073,
            0.05272790417075157,
            0.06499899923801422,
            0.049346596002578735,
            0.03544656187295914,
            0.05839664116501808,
            0.056167230010032654,
            0.03636590391397476,
            0.021170606836676598,
            0.08655468747019768,
            0.08554036263376474,
            0.08621453493833542
          ],
          "feature_importance_feature_order": [
            "f00",
            "f01",
            "f02",
            "f03",
            "f04",
            "f05",
            "f06",
            "f07",
            "f08",
            "f09",
            "proto",
            "service",
            "segment"
          ],
          "best_iteration": 59,
          "rows_train": 956,
          "rows_val": 124
        },
        "4": {
          "accuracy": 0.8,
          "precision": 1.0,
          "recall": 0.5,
          "f1": 0.6666666666666666,
          "roc_auc": 1.0,
          "positive_rate_val": 0.4,
          "scale_pos_weight": 1.0,
          "feature_importance_vector": [
            0.4147469997406006,
            0.0,
            0.0,
            0.0,
            0.0,
            0.0,
            0.0,
            0.3825632333755493,
            0.0,
            0.0,
            0.0,
            0.0,
            0.0
          ],
          "feature_importance_feature_order": [
            "f00",
            "f01",
            "f02",
            "f03",
            "f04",
            "f05",
            "f06",
            "f07",
            "f08",
            "f09",
            "proto",
            "service",
            "segment"
          ],
          "best_iteration": 41,
          "rows_train": 28,
          "rows_val": 5
        }
      },
      "agent_rewards": {
        "0": {
          "reward": -0.018043995800191164,
          "f1_improvement": 0.0,
          "communication_penalty": 0.0169921875,
          "energy_penalty": 0.0010518083001911647
        },
        "1": {
          "reward": -0.01805680744533368,
          "f1_improvement": 0.0,
          "communication_penalty": 0.0169921875,
          "energy_penalty": 0.0010646199453336817
        },
        "2": {
          "reward": -0.021831259163984942,
          "f1_improvement": 0.0,