{
  "dataset_name": "marl_xgb_synthetic",
  "row_counts": {
    "total": 2000,
    "valid": 2000,
    "schema_invalid": 0,
    "domain_invalid": 0
  },
  "missing_rate_per_column": {
    "f00": 0.0,
    "f01": 0.0,
    "f02": 0.0,
    "f03": 0.0,
    "f04": 0.0,
    "f05": 0.0,
    "f06": 0.0,
    "f07": 0.0,
    "f08": 0.0,
    "f09": 0.0,
    "label": 0.0,
    "proto": 0.0,
    "row_id": 0.0,
    "segment": 0.0,
    "service": 0.0
  },
  "duplicate_rate": 0.0,
  "outlier_rate_per_numeric_column": {
    "f00": 0.0095,
    "f01": 0.01,
    "f02": 0.005,
    "f03": 0.0035,
    "f04": 0.006,
    "f05": 0.007,
    "f06": 0.0065,
    "f07": 0.007,
    "f08": 0.011,
    "f09": 0.006,
    "label": 0.0,
    "row_id": 0.0
  },
  "schema_violation_rate": 0.0,
  "domain_violation_rate": 0.0,
  "drift_snapshot": {
    "f00": {
      "mean": -0.005948228577297178,
      "std": 0.9867967782406293,
      "min": -3.133838815879548,
      "max": 3.5563627855501307
    },
    "f01": {
      "mean": 0.054221243156639946,
      "std": 1.011545931375481,
      "min": -3.700091559090642,
      "max": 3.2002429805170642
    },
    "f02": {
      "mean": 0.021176386868192707,
      "std": 0.9747696822293413,
      "min": -2.9858225341099236,
      "max": 3.0097701334193614
    },
    "f03": {
      "mean": -0.027199583097659342,
      "std": 1.0234033547365327,
      "min": -3.887804341619664,
      "max": 3.064728037894776
    },
    "f04": {
      "mean": -0.0057401948522899735,
      "std": 0.9870660049882934,
      "min": -2.896994725657275,
      "max": 3.3274722864299457
    },
    "f05": {
      "mean": -0.008366898123986525,
      "std": 0.9921982615889383,
      "min": -3.5292099530237375,
      "max": 3.4359276159845202
    },
    "f06": {
      "mean": 0.003128403949179469,
      "std": 1.0156158233369343,
      "min": -3.2632667025240267,
      "max": 3.2938541083681483
    },
    "f07": {
      "mean": 0.05364176883660661,
      "std": 1.0300676770778363,
      "min": -2.947413065987675,
      "max": 4.151241397039601
    },
    "f08": {
      "mean": 0.026006838095291935,
      "std": 1.0080017191855262,
      "min": -3.5849805609217023,
      "max": 3.157756183825162
    },
    "f09": {
      "mean": 0.03941233099290599,
      "std": 0.9907496932293807,
      "min": -3.2249562285208904,
      "max": 4.0258240427272645
    },
    "label": {
      "mean": 0.12,
      "std": 0.32504280704732813,
      "min": 0.0,
      "max": 1.0
    },
    "row_id": {
      "mean": 1000.5,
      "std": 577.4945887192364,
      "min": 1.0,
      "max": 2000.0
    }
  }
}