{
  "numeric": {
    "f00": {
      "train_mean": -0.0059482285772971735,
      "test_mean": -0.11178904720146511,
      "mean_shift": -0.10584081862416794,
      "train_std": 0.9867967782406293,
      "test_std": 0.9327219112625205,
      "std_shift": -0.054074866978108815,
      "ks_statistic": 0.061160611854684514,
      "ks_pvalue": 0.08566968998129863
    },
    "f01": {
      "train_mean": 0.054221243156639946,
      "test_mean": 0.11865956377003453,
      "mean_shift": 0.06443832061339458,
      "train_std": 1.011545931375481,
      "test_std": 0.9556452819290565,
      "std_shift": -0.05590064944642459,
      "ks_statistic": 0.0425717017208413,
      "ks_pvalue": 0.4262051260053574
    },
    "f02": {
      "train_mean": 0.021176386868192704,
      "test_mean": 0.03680803604285916,
      "mean_shift": 0.01563164917466646,
      "train_std": 0.9747696822293415,
      "test_std": 0.9659641778841811,
      "std_shift": -0.008805504345160364,
      "ks_statistic": 0.04011376673040153,
      "ks_pvalue": 0.502030061220405
    },
    "f03": {
      "train_mean": -0.02719958309765935,
      "test_mean": 0.0019750664713383474,
      "mean_shift": 0.029174649568997697,
      "train_std": 1.0234033547365327,
      "test_std": 0.9907124510215122,
      "std_shift": -0.03269090371502048,
      "ks_statistic": 0.033031548757170175,
      "ks_pvalue": 0.7408925812651075
    },
    "f04": {
      "train_mean": -0.005740194852289974,
      "test_mean": -0.026197627533335065,
      "mean_shift": -0.02045743268104509,
      "train_std": 0.9870660049882934,
      "test_std": 0.983425854216736,
      "std_shift": -0.0036401507715574377,
      "ks_statistic": 0.02542925430210325,
      "ks_pvalue": 0.9438661968906796
    },
    "f05": {
      "train_mean": -0.008366898123986524,
      "test_mean": -0.027267302472898894,
      "mean_shift": -0.01890040434891237,
      "train_std": 0.9921982615889383,
      "test_std": 1.0307514274681557,
      "std_shift": 0.03855316587921742,
      "ks_statistic": 0.02877055449330784,
      "ks_pvalue": 0.8705360890337198
    },
    "f06": {
      "train_mean": 0.0031284039491794643,
      "test_mean": 0.024691832870925884,
      "mean_shift": 0.021563428921746418,
      "train_std": 1.0156158233369343,
      "test_std": 1.0151858748697595,
      "std_shift": -0.00042994846717481217,
      "ks_statistic": 0.040211281070745696,
      "ks_pvalue": 0.4989020279535949
    },
    "f07": {
      "train_mean": 0.0536417688366066,
      "test_mean": -0.009454364710753421,
      "mean_shift": -0.06309613354736002,
      "train_std": 1.0300676770778363,
      "test_std": 1.0057981051570795,
      "std_shift": -0.02426957192075685,
      "ks_statistic": 0.040159655831739964,
      "ks_pvalue": 0.5005641192300101
    },
    "f08": {
      "train_mean": 0.02600683809529193,
      "test_mean": 0.06876078709148066,
      "mean_shift": 0.04275394899618873,
      "train_std": 1.0080017191855262,
      "test_std": 1.0365929100864217,
      "std_shift": 0.02859119090089557,
      "ks_statistic": 0.039330783938814534,
      "ks_pvalue": 0.5274282724914685
    },
    "f09": {
      "train_mean": 0.03941233099290598,
      "test_mean": 0.02937737741960688,
      "mean_shift": -0.010034953573299102,
      "train_std": 0.9907496932293807,
      "test_std": 1.005980493676903,
      "std_shift": 0.015230800447522341,
      "ks_statistic": 0.021465583173996175,
      "ks_pvalue": 0.9884925176115316
    }
  },
  "categorical": {
    "proto": {
      "categories": [
        "icmp",
        "tcp",
        "udp"
      ],
      "train_distribution": {
        "icmp": 0.1045,
        "tcp": 0.5975,
        "udp": 0.298
      },
      "test_distribution": {
        "icmp": 0.10325047801147227,
        "tcp": 0.5965583173996176,
        "udp": 0.30019120458891013
      },
      "tv_distance": 0.002191204588910138,
      "chi_square_statistic": 0.01349474356676408,
      "chi_square_pvalue": 0.9932753406178944
    },
    "service": {
      "categories": [
        "db",
        "dns",
        "iot",
        "ssh",
        "web"
      ],
      "train_distribution": {
        "db": 0.189,
        "dns": 0.1965,
        "iot": 0.1,
        "ssh": 0.1505,
        "web": 0.364
      },
      "test_distribution": {
        "db": 0.1931166347992352,
        "dns": 0.18738049713193117,
        "iot": 0.10516252390057361,
        "ssh": 0.13575525812619502,
        "web": 0.37858508604206503
      },
      "tv_distance": 0.023864244741873826,
      "chi_square_statistic": 1.1751056273251974,
      "chi_square_pvalue": 0.8821800601489097
    },
    "segment": {
      "categories": [
        "core",
        "dmz",
        "edge"
      ],
      "train_distribution": {
        "core": 0.3525,
        "dmz": 0.1355,
        "edge": 0.512
      },
      "test_distribution": {
        "core": 0.3632887189292543,
        "dmz": 0.12619502868068833,
        "edge": 0.5105162523900574
      },
      "tv_distance": 0.010788718929254315,
      "chi_square_statistic": 0.40655772978553784,
      "chi_square_pvalue": 0.8160506418175902
    }
  }
}