{
  "numeric": {
    "f00": {
      "train_mean": 0.08074107129367808,
      "test_mean": 1.1465420690493329,
      "mean_shift": 1.0658009977556548,
      "train_std": 0.981333388177572,
      "test_std": 0.7379573970284077,
      "std_shift": -0.2433759911491643,
      "ks_statistic": 0.49616204690831556,
      "ks_pvalue": 2.295191488472263e-14
    },
    "f01": {
      "train_mean": 0.02433957061749784,
      "test_mean": -0.9178808861293303,
      "mean_shift": -0.9422204567468281,
      "train_std": 1.0567542077873207,
      "test_std": 0.8860546029759633,
      "std_shift": -0.17069960481135737,
      "ks_statistic": 0.4172494669509595,
      "ks_pvalue": 3.935852348315121e-10
    },
    "f02": {
      "train_mean": -0.007323202662609697,
      "test_mean": -0.2312692422853858,
      "mean_shift": -0.22394603962277612,
      "train_std": 1.0066111962030408,
      "test_std": 1.0625171628661245,
      "std_shift": 0.05590596666308367,
      "ks_statistic": 0.14036247334754798,
      "ks_pvalue": 0.1622295647433564
    },
    "f03": {
      "train_mean": -0.030443919873078953,
      "test_mean": -0.39117267874628603,
      "mean_shift": -0.3607287588732071,
      "train_std": 0.9957521365853105,
      "test_std": 1.1439515786859475,
      "std_shift": 0.14819944210063707,
      "ks_statistic": 0.1839232409381663,
      "ks_pvalue": 0.027566998803888076
    },
    "f04": {
      "train_mean": 0.03696254845005651,
      "test_mean": 0.0866296935154203,
      "mean_shift": 0.04966714506536379,
      "train_std": 0.9739390090727733,
      "test_std": 0.9201770368213461,
      "std_shift": -0.053761972251427204,
      "ks_statistic": 0.05840085287846482,
      "ks_pvalue": 0.9764834975012933
    },
    "f05": {
      "train_mean": -0.018351167774491486,
      "test_mean": -0.0639486239465879,
      "mean_shift": -0.045597456172096415,
      "train_std": 1.0674037521200492,
      "test_std": 1.0779119686400678,
      "std_shift": 0.010508216520018543,
      "ks_statistic": 0.08976545842217484,
      "ks_pvalue": 0.6716345371131267
    },
    "f06": {
      "train_mean": -0.003618192639330606,
      "test_mean": 0.042766181042006184,
      "mean_shift": 0.04638437368133679,
      "train_std": 1.016352224295773,
      "test_std": 1.1815371150801235,
      "std_shift": 0.1651848907843505,
      "ks_statistic": 0.12042643923240938,
      "ks_pvalue": 0.3104349703199253
    },
    "f07": {
      "train_mean": 0.020933549011875965,
      "test_mean": 0.2172845517916877,
      "mean_shift": 0.19635100277981174,
      "train_std": 0.9828564286461536,
      "test_std": 0.9650599309648908,
      "std_shift": -0.01779649768126279,
      "ks_statistic": 0.08458422174840086,
      "ks_pvalue": 0.7391810978424712
    },
    "f08": {
      "train_mean": 0.033813187297112565,
      "test_mean": 0.28738859420472035,
      "mean_shift": 0.25357540690760777,
      "train_std": 0.9877094999654107,
      "test_std": 0.9239040347755464,
      "std_shift": -0.0638054651898643,
      "ks_statistic": 0.15611940298507462,
      "ks_pvalue": 0.09034137507160539
    },
    "f09": {
      "train_mean": 0.02655670351989003,
      "test_mean": -0.02104528053923372,
      "mean_shift": -0.04760198405912375,
      "train_std": 0.9944125462480324,
      "test_std": 0.9970045364656378,
      "std_shift": 0.0025919902176053666,
      "ks_statistic": 0.058678038379530915,
      "ks_pvalue": 0.9754501064818356
    }
  },
  "categorical": {
    "proto": {
      "categories": [
        "icmp",
        "tcp",
        "udp"
      ],
      "train_distribution": {
        "icmp": 0.09142857142857143,
        "tcp": 0.6185714285714285,
        "udp": 0.29
      },
      "test_distribution": {
        "icmp": 0.11940298507462686,
        "tcp": 0.6119402985074627,
        "udp": 0.26865671641791045
      },
      "tv_distance": 0.02797441364605542,
      "chi_square_statistic": 0.610779306495569,
      "chi_square_pvalue": 0.7368362078261039
    },
    "service": {
      "categories": [
        "db",
        "dns",
        "iot",
        "ssh",
        "web"
      ],
      "train_distribution": {
        "db": 0.1742857142857143,
        "dns": 0.20142857142857143,
        "iot": 0.13142857142857142,
        "ssh": 0.13285714285714287,
        "web": 0.36
      },
      "test_distribution": {
        "db": 0.16417910447761194,
        "dns": 0.2537313432835821,
        "iot": 0.16417910447761194,
        "ssh": 0.1044776119402985,
        "web": 0.31343283582089554
      },
      "tv_distance": 0.08505330490405118,
      "chi_square_statistic": 2.086701298649732,
      "chi_square_pvalue": 0.7198159578841605
    },
    "segment": {
      "categories": [
        "core",
        "dmz",
        "edge"
      ],
      "train_distribution": {
        "core": 0.3557142857142857,
        "dmz": 0.14714285714285713,
        "edge": 0.49714285714285716
      },
      "test_distribution": {
        "core": 0.3880597014925373,
        "dmz": 0.26865671641791045,
        "edge": 0.34328358208955223
      },
      "tv_distance": 0.15385927505330493,
      "chi_square_statistic": 8.89421505811827,
      "chi_square_pvalue": 0.01171239578683711
    }
  }
}