round,bytes_sent_total,avg_latency_ms,packet_loss_mean,energy_total,n_events,accuracy,precision,recall,f1,roc_auc
1,2320.0,16.799360658284964,0.02907481609123298,21.75537646840485,5.0,0.9984,1.0,0.9,0.9333333333333333,0.9186991869918699
2,2320.0,16.44177614749707,0.028650153627627184,21.746301857911398,5.0,0.9984,1.0,0.9,0.9333333333333333,0.9491869918699187
