{
  "dataset_name": "marl_xgb_synthetic",
  "row_counts": {
    "total": 700,
    "valid": 700,
    "schema_invalid": 0,
    "domain_invalid": 0
  },
  "missing_rate_per_column": {
    "f00": 0.0,
    "f01": 0.0,
    "f02": 0.0,
    "f03": 0.0,
    "f04": 0.0,
    "f05": 0.0,
    "f06": 0.0,
    "f07": 0.0,
    "f08": 0.0,
    "f09": 0.0,
    "label": 0.0,
    "proto": 0.0,
    "row_id": 0.0,
    "segment": 0.0,
    "service": 0.0
  },
  "duplicate_rate": 0.0,
  "outlier_rate_per_numeric_column": {
    "f00": 0.01,
    "f01": 0.01,
    "f02": 0.004285714285714286,
    "f03": 0.008571428571428572,
    "f04": 0.008571428571428572,
    "f05": 0.011428571428571429,
    "f06": 0.004285714285714286,
    "f07": 0.017142857142857144,
    "f08": 0.007142857142857143,
    "f09": 0.007142857142857143,
    "label": 0.0,
    "row_id": 0.0
  },
  "schema_violation_rate": 0.0,
  "domain_violation_rate": 0.0,
  "drift_snapshot": {
    "f00": {
      "mean": 0.08074107129367807,
      "std": 0.981333388177572,
      "min": -3.04122809159769,
      "max": 3.0647166370671424
    },
    "f01": {
      "mean": 0.024339570617497846,
      "std": 1.0567542077873207,
      "min": -3.2092327935344915,
      "max": 2.9790500628287613
    },
    "f02": {
      "mean": -0.007323202662609683,
      "std": 1.006611196203041,
      "min": -3.0776818872023033,
      "max": 3.0056604521071004
    },
    "f03": {
      "mean": -0.03044391987307896,
      "std": 0.9957521365853104,
      "min": -3.120336870899163,
      "max": 2.944064970744531
    },
    "f04": {
      "mean": 0.0369625484500565,
      "std": 0.9739390090727733,
      "min": -3.26301406386711,
      "max": 2.946334949078791
    },
    "f05": {
      "mean": -0.0183511677744915,
      "std": 1.0674037521200492,
      "min": -3.5403001893477817,
      "max": 3.4123246213607663
    },
    "f06": {
      "mean": -0.0036181926393306,
      "std": 1.0163522242957728,
      "min": -2.9844640684351407,
      "max": 3.346878968355978
    },
    "f07": {
      "mean": 0.020933549011875975,
      "std": 0.9828564286461536,
      "min": -3.370087136343634,
      "max": 3.312370408408401
    },
    "f08": {
      "mean": 0.03381318729711257,
      "std": 0.9877094999654107,
      "min": -3.759806529437769,
      "max": 2.970903373724096
    },
    "f09": {
      "mean": 0.026556703519890028,
      "std": 0.9944125462480324,
      "min": -2.939133833970085,
      "max": 3.4757486034215828
    },
    "label": {
      "mean": 0.12,
      "std": 0.3251939005599173,
      "min": 0.0,
      "max": 1.0
    },
    "row_id": {
      "mean": 350.5,
      "std": 202.21688027132322,
      "min": 1.0,
      "max": 700.0
    }
  }
}