round,bytes_sent_total,avg_latency_ms,packet_loss_mean,energy_total,n_events,accuracy,precision,recall,f1,roc_auc
1,1160.0,12.33435812544222,0.01827882939969605,21.525561308193048,5.0,0.9984,1.0,0.9,0.9333333333333333,0.9186991869918699
2,1160.0,11.941398566587054,0.019731427289153492,21.526756950142435,5.0,0.9984,1.0,0.9,0.9333333333333333,0.9491869918699187
