{
  "logreg": {
    "accuracy": {
      "mean": 0.95225,
      "std": 0.00281874307094491,
      "fold_values": [
        0.9571875,
        0.95,
        0.9490625,
        0.9525,
        0.9525
      ]
    },
    "precision": {
      "mean": 0.29187828187094256,
      "std": 0.013016410751263396,
      "fold_values": [
        0.3147208121827411,
        0.28378378378378377,
        0.27601809954751133,
        0.29439252336448596,
        0.2904761904761905
      ]
    },
    "recall": {
      "mean": 0.96875,
      "std": 0.013975424859373685,
      "fold_values": [
        0.96875,
        0.984375,
        0.953125,
        0.984375,
        0.953125
      ]
    },
    "f1": {
      "mean": 0.4484436571926295,
      "std": 0.0156251089385,
      "fold_values": [
        0.47509578544061304,
        0.4405594405594406,
        0.4280701754385965,
        0.45323741007194246,
        0.44525547445255476
      ]
    },
    "roc_auc": {
      "mean": 0.9923648756377551,
      "std": 0.001087691367430324,
      "fold_values": [
        0.9926907286352041,
        0.9941057477678571,
        0.9911162707270408,
        0.9926209741709183,
        0.9912906568877551
      ]
    }
  },
  "random_forest": {
    "accuracy": {
      "mean": 0.9869999999999999,
      "std": 0.0009601432184835642,
      "fold_values": [
        0.9878125,
        0.9884375,
        0.98625,
        0.9859375,
        0.9865625
      ]
    },
    "precision": {
      "mean": 0.7656254856254856,
      "std": 0.041593210843480756,
      "fold_values": [
        0.8205128205128205,
        0.8,
        0.7272727272727273,
        0.7111111111111111,
        0.7692307692307693
      ]
    },
    "recall": {
      "mean": 0.50625,
      "std": 0.030618621784789725,
      "fold_values": [
        0.5,
        0.5625,
        0.5,
        0.5,
        0.46875
      ]
    },
    "f1": {
      "mean": 0.6088365019513144,
      "std": 0.02918011540330453,
      "fold_values": [
        0.6213592233009708,
        0.6605504587155964,
        0.5925925925925926,
        0.5871559633027523,
        0.5825242718446602
      ]
    },
    "roc_auc": {
      "mean": 0.9883515027104591,
      "std": 0.003427935990892693,
      "fold_values": [
        0.9826560507015306,
        0.9930395009566327,
        0.9874715999681123,
        0.9883510044642857,
        0.9902393574617347
      ]
    }
  },
  "xgboost": {
    "accuracy": {
      "mean": 0.9817499999999999,
      "std": 0.0011284668803292386,
      "fold_values": [
        0.983125,
        0.9828125,
        0.9803125,
        0.980625,
        0.981875
      ]
    },
    "precision": {
      "mean": 0.5301429428519925,
      "std": 0.020332366670499574,
      "fold_values": [
        0.5595238095238095,
        0.5445544554455446,
        0.5051546391752577,
        0.5108695652173914,
        0.5306122448979592
      ]
    },
    "recall": {
      "mean": 0.78125,
      "std": 0.04841229182759271,
      "fold_values": [
        0.734375,
        0.859375,
        0.765625,
        0.734375,
        0.8125
      ]
    },
    "f1": {
      "mean": 0.6310073730363586,
      "std": 0.023305586354379404,
      "fold_values": [
        0.6351351351351351,
        0.6666666666666666,
        0.6086956521739131,
        0.6025641025641025,
        0.6419753086419753
      ]
    },
    "roc_auc": {
      "mean": 0.9899234693877551,
      "std": 0.0018488319725065367,
      "fold_values": [
        0.9902543048469388,
        0.9927106584821429,
        0.9868911431760203,
        0.9899653220663265,
        0.9897959183673469
      ]
    }
  }
}