communication_budget,marl_f1_mean,marl_f1_std,marl_bytes_sent_total_mean,marl_energy_total_mean
0.25,0.875139353400223,0.0,1160.0,21.273464558106586
0.5,0.875139353400223,0.0,1276.0,21.297311816269275
1.0,0.875139353400223,0.0,2088.0,21.453364534147624
