topology,marl_f1_mean,marl_f1_std,marl_bytes_sent_total_mean,marl_energy_total_mean
ring,0.8751393534002231,0.0,1546.6666666666667,21.34991003997909
star,0.8751393534002231,0.0,1469.3333333333333,21.332850565703236
