region,demand_units,priority_score,cost_per_unit,risk_index,allocated_units,unmet_demand,allocation_ratio_total,demand_fill_rate,total_cost
MiddleEast,21212,5,20.97,0.786,21212.0,0.0,0.506280048130783,1.0,444815.63999999996
SouthAmerica,8758,5,28.96,0.774,8758.0,0.0,0.20903265423012435,1.0,253631.68
Asia,8033,5,37.23,0.627,1696.7601,6336.2399000000005,0.04049763271235113,0.21122371467695755,63170.37852299999
Africa,10231,4,23.3,0.745,10231.0,0.0,0.24418966492674152,1.0,238382.30000000002
